Profile Name,Country Iso Code,Device,Is Kids,Query Typed,Displayed Name,Action,Section,Utc Timestamp
Aishwarya,CA (Canada),iPhone,0,telugu,Pitta Kathalu,view_video_info,title_results,30/04/21 21:26
Aishwarya,CA (Canada),iPhone,0,upp,Roohi,view_video_info,title_results,13/04/21 22:59
Aishwarya,CA (Canada),iPhone,0,upp,Mandela,view_video_info,title_results,13/04/21 22:59
Aishwarya,CA (Canada),iPhone,0,upp,Uppena,view_video_info,title_results,13/04/21 22:57
Aishwarya,CA (Canada),iPad,0,the debt,The Debt Collector 2,play,video_info,8/4/21 2:54
Aishwarya,CA (Canada),iPad,0,the debt,The Debt Collector 2,view_video_info,title_results,8/4/21 2:54
Aishwarya,CA (Canada),iPhone,0,bobby,Bobby Jasoos,play,video_info,6/3/21 13:44
Aishwarya,CA (Canada),iPhone,0,bobby,Bobby Jasoos,play,video_info,6/3/21 13:44
Aishwarya,CA (Canada),iPhone,0,bobby,Bobby Jasoos,view_video_info,title_results,6/3/21 13:44
Aishwarya,CA (Canada),iPhone,0,tamil movies,Vettai,view_video_info,title_results,17/02/21 3:03
Aishwarya,CA (Canada),iPhone,0,tamil movies,Thaandavam,view_video_info,title_results,17/02/21 2:56
Aishwarya,CA (Canada),iPhone,0,tamil movies,Thambi,view_video_info,title_results,17/02/21 2:56
Aishwarya,CA (Canada),iPhone,0,tamil movies,Asura Guru,view_video_info,title_results,17/02/21 2:56
Aishwarya,CA (Canada),iPhone,0,tamil movies,Vettai,view_video_info,title_results,17/02/21 2:55
Aishwarya,CA (Canada),iPhone,0,tamil movies,Mersal,view_video_info,title_results,17/02/21 2:55
Aishwarya,CA (Canada),Streaming Stick,0,beesh,Bheeshma,play,video_info,1/1/21 5:17
Aishwarya,CA (Canada),Streaming Stick,0,beesh,Bheeshma,view_video_info,title_results,1/1/21 5:17
Aishwarya,CA (Canada),iPhone,0,telugu mov,Miss India,view_video_info,title_results,9/12/20 0:39
Aishwarya,CA (Canada),iPhone,0,anaa,Anaamika,play,video_info,6/12/20 6:29
Aishwarya,CA (Canada),iPhone,0,anaa,Anaamika,view_video_info,title_results,6/12/20 6:29
Aishwarya,CA (Canada),iPhone,0,hindi,Shimla Mirchi,view_video_info,title_results,23/11/20 2:11
Aishwarya,CA (Canada),iPhone,0,telu,Oh! Baby,view_video_info,title_results,23/11/20 2:10
Aishwarya,CA (Canada),Streaming Stick,0,tel,Dorasaani,play,video_info,20/11/20 3:05
Aishwarya,CA (Canada),Streaming Stick,0,tel,Dorasaani,view_video_info,title_results,20/11/20 3:05
Aishwarya,CA (Canada),iPad,0,100,The 100,play,video_info,15/10/20 2:37
Aishwarya,CA (Canada),iPad,0,100,The 100,play,video_info,15/10/20 1:55
Aishwarya,CA (Canada),iPad,0,100,The 100,view_video_info,title_results,15/10/20 1:55
Aishwarya,CA (Canada),iPhone,0,so,The Social Dilemma,play,video_info,23/09/20 4:42
Aishwarya,CA (Canada),iPhone,0,so,The Social Dilemma,view_video_info,title_results,23/09/20 4:41
Aishwarya,US (United States),iPhone,0,100 foot,The Hundred-Foot Journey,play,video_info,23/09/20 4:29
Aishwarya,US (United States),iPhone,0,100 foot,The Hundred-Foot Journey,view_video_info,title_results,23/09/20 4:29
Aishwarya,US (United States),iPhone,0,sports docum,Sports Documentaries,view_suggestion_info,suggestion_results,20/09/20 3:43
Aishwarya,US (United States),iPhone,0,mule,The Mule,view_suggestion_info,suggestion_results,5/9/20 15:53
Aishwarya,US (United States),Streaming Stick,0,te,Telugu-Language Movies,view_suggestion_info,suggestion_results,30/08/20 1:59
Aishwarya,US (United States),Streaming Stick,0,tel,Naa Bangaaru Talli,play,video_info,24/08/20 3:16
Aishwarya,US (United States),Streaming Stick,0,tel,Naa Bangaaru Talli,view_video_info,suggestion_title_results,24/08/20 3:16
Aishwarya,US (United States),Streaming Stick,0,tel,Naa Bangaaru Talli,play,video_info,24/08/20 3:15
Aishwarya,US (United States),Streaming Stick,0,tel,Naa Bangaaru Talli,view_video_info,suggestion_title_results,24/08/20 3:15
Aishwarya,US (United States),Streaming Stick,0,tel,Telugu-Language Movies,view_suggestion_info,suggestion_results,24/08/20 3:15
Aishwarya,US (United States),iPhone,0,sing,Sing,view_suggestion_info,suggestion_results,26/07/20 6:42
Aishwarya,US (United States),iPhone,0,the old,The Old Guard,view_video_info,title_results,12/7/20 17:57
Aishwarya,US (United States),iPhone,0,telugu,Guna 369,view_video_info,title_results,11/7/20 3:04
Aishwarya,US (United States),Streaming Stick,0,ma,Madam Secretary,play,video_info,8/7/20 1:55
Aishwarya,US (United States),Streaming Stick,0,ma,Madam Secretary,view_video_info,suggestion_title_results,8/7/20 1:55
Aishwarya,US (United States),Streaming Stick,0,cho,Choked: Paisa Bolta Hai,play,video_info,8/6/20 2:50
Aishwarya,US (United States),Streaming Stick,0,cho,Choked: Paisa Bolta Hai,view_video_info,suggestion_title_results,8/6/20 2:50
Aishwarya,US (United States),iPhone,0,telu,Manu,view_video_info,title_results,27/05/20 0:27
Aishwarya,US (United States),Streaming Stick,0,d,Despicable Me,play,video_info,1/5/20 0:55
Aishwarya,US (United States),Streaming Stick,0,d,Despicable Me,view_video_info,suggestion_title_results,1/5/20 0:55
Aishwarya,US (United States),iPad,0,ram,"Oh, Ramona!",view_video_info,title_results,25/04/20 15:27
Aishwarya,US (United States),Streaming Stick,0,hi,Hindi-Language Movies,view_suggestion_info,suggestion_results,17/04/20 0:39
Aishwarya,US (United States),Streaming Stick,0,vijay d,World Famous Lover,play,video_info,16/04/20 1:21
Aishwarya,US (United States),Streaming Stick,0,vijay d,World Famous Lover,view_video_info,suggestion_title_results,16/04/20 1:21
Aishwarya,US (United States),Streaming Stick,0,vijay d,Vijay Deverakonda,view_suggestion_info,suggestion_results,16/04/20 1:21
Aishwarya,US (United States),iPad,0,rajni,Ala Vaikunthapurramuloo,view_video_info,title_results,12/4/20 22:54
Aishwarya,US (United States),iPad,0,telugu,Sarvam Thaala Mayam (Telugu Version),view_video_info,title_results,12/4/20 22:53
Aishwarya,US (United States),iPad,0,black,The Blacklist,view_video_info,title_results,29/03/20 15:31
Aishwarya,US (United States),iPad,0,conta,Contagion,view_suggestion_info,suggestion_results,27/03/20 3:18
Aniketh,AUS (Australia),iPhone,0,resident evil,Resident Evil: Afterlife,view_video_info,title_results,16/05/21 1:49
Aniketh,AUS (Australia),iPhone,0,resident evil,Resident Evil: Extinction,view_video_info,title_results,16/05/21 1:47
Aniketh,AUS (Australia),iPhone,0,resident evil,Resident Evil: Afterlife,view_video_info,title_results,16/05/21 1:47
Aniketh,AUS (Australia),iPhone,0,resident evil,Resident Evil,view_video_info,title_results,16/05/21 1:47
Aniketh,AUS (Australia),iPhone,0,crash,Memories of the Alhambra,view_video_info,title_results,5/5/21 1:55
Aniketh,AUS (Australia),iPhone,0,crash,Crash Landing on You,view_video_info,title_results,5/5/21 1:54
Aniketh,AUS (Australia),iPhone,0,mem,Memories of the Alhambra,view_video_info,title_results,29/04/21 0:55
Aniketh,AUS (Australia),iPhone,0,korean drama,Crash Landing on You,view_video_info,title_results,29/04/21 0:54
Aniketh,AUS (Australia),iPhone,0,its ok,Itaewon Class,view_video_info,title_results,29/04/21 0:52
Aniketh,AUS (Australia),iPhone,0,its ok,Vincenzo,view_video_info,title_results,29/04/21 0:51
Aniketh,AUS (Australia),iPhone,0,its ok,It's Okay to Not Be Okay,view_video_info,title_results,29/04/21 0:51
Aniketh,AUS (Australia),iPhone,0,uppena,Uppena,view_video_info,title_results,13/04/21 19:14
Aniketh,AUS (Australia),iPhone,0,behind,Behind Her Eyes,play,video_info,20/03/21 4:55
Aniketh,AUS (Australia),iPhone,0,behind,Behind Her Eyes,view_video_info,title_results,20/03/21 4:54
Aniketh,AUS (Australia),Streaming Stick,0,cli,The Highwaymen,play,suggestion_title_results,15/03/21 1:16
Aniketh,AUS (Australia),Streaming Stick,0,cli,,play,video_info,14/03/21 23:10
Aniketh,AUS (Australia),Streaming Stick,0,cli,,view_video_info,suggestion_title_results,14/03/21 23:10
Aniketh,AUS (Australia),Streaming Stick,0,cli,,view_video_info,suggestion_title_results,14/03/21 23:10
Aniketh,AUS (Australia),Streaming Stick,0,cli,,view_video_info,suggestion_title_results,14/03/21 23:10
Aniketh,AUS (Australia),Streaming Stick,0,cli,The Highwaymen,play,video_info,14/03/21 20:39
Aniketh,AUS (Australia),Streaming Stick,0,cli,The Highwaymen,view_video_info,suggestion_title_results,14/03/21 20:39
Aniketh,AUS (Australia),Streaming Stick,0,cli,Clint Eastwood,view_suggestion_info,suggestion_results,14/03/21 20:39
Aniketh,AUS (Australia),iPhone,0,tribes,Tribes of Europa,view_video_info,title_results,12/3/21 2:26
Aniketh,AUS (Australia),iPhone,0,jeri,Jericho,play,video_info,12/3/21 2:25
Aniketh,AUS (Australia),iPhone,0,jeri,Jericho,view_video_info,title_results,12/3/21 2:24
Aniketh,AUS (Australia),iPhone,0,stranger,Stranger,view_video_info,title_results,4/3/21 3:32
Aniketh,AUS (Australia),Streaming Stick,0,hy,The K2,play,video_info,4/3/21 3:28
Aniketh,AUS (Australia),Streaming Stick,0,hy,The K2,view_video_info,suggestion_title_results,4/3/21 3:28
Aniketh,AUS (Australia),Streaming Stick,0,hy,Hyun Bin,view_suggestion_info,suggestion_results,4/3/21 3:28
Aniketh,AUS (Australia),iPhone,0,crash,Crash Landing on You,view_video_info,title_results,19/02/21 19:31
Aniketh,AUS (Australia),iPhone,0,hindi movies,Mismatched,view_video_info,title_results,16/02/21 3:27
Aniketh,AUS (Australia),iPhone,0,hindi movies,Shimla Mirchi,view_video_info,title_results,16/02/21 3:26
Aniketh,AUS (Australia),iPhone,0,hindi movies,Tribhanga - Tedhi Medhi Crazy,view_video_info,title_results,16/02/21 3:26
Aniketh,AUS (Australia),iPhone,0,telugu movies,Game Over (Telugu Version),view_video_info,title_results,16/02/21 3:25
Aniketh,AUS (Australia),iPhone,0,memori,Memories of the Alhambra,view_video_info,title_results,13/02/21 4:52
Aniketh,AUS (Australia),iPhone,0,,,play,video_info,19/01/21 22:32
Aniketh,US (United States),iPhone,0,,Monarca,view_video_info,popularSearches,19/01/21 22:31
Aniketh,US (United States),iPhone,0,white tiger,The White Tiger,view_video_info,title_results,13/01/21 22:06
Aniketh,US (United States),iPhone,0,,Cobra Kai,view_video_info,popularSearches,11/1/21 22:33
Aniketh,US (United States),iPhone,0,spy,Spycraft,view_video_info,title_results,6/1/21 20:56
Aniketh,US (United States),iPhone,0,spy,The Spy,view_video_info,title_results,6/1/21 20:55
Aniketh,US (United States),iPhone,0,,,play,video_info,3/1/21 18:12
Aniketh,US (United States),iPhone,0,,Kevin Hart: Zero F**ks Given,view_video_info,popularSearches,3/1/21 18:11
Aniketh,US (United States),iPhone,0,bad,Bad Boy Billionaires: India,view_video_info,title_results,3/1/21 18:11
Aniketh,US (United States),iPhone,0,br,Bridgerton,view_video_info,title_results,1/1/21 20:48
Aniketh,US (United States),iPhone,0,the assasina,The Assassination of Gianni Versace,view_video_info,title_results,29/12/20 19:28
Aniketh,US (United States),iPhone,0,the assasi,The Assassination of Gianni Versace,view_video_info,title_results,29/12/20 19:27
Aniketh,US (United States),iPhone,0,hindi movies,Hindi-Language Movies,view_suggestion_info,suggestion_results,17/12/20 4:09
Aniketh,US (United States),iPhone,0,hindi movies,Mismatched,view_video_info,title_results,17/12/20 4:09
Aniketh,US (United States),iPhone,0,hindi movies,Shimla Mirchi,view_video_info,title_results,17/12/20 4:08
Aniketh,US (United States),iPhone,0,inside,Inside Man: Most Wanted,view_video_info,title_results,9/12/20 1:19
Aniketh,US (United States),iPhone,0,lost,Lost in Space,view_video_info,title_results,25/11/20 14:50
Aniketh,US (United States),iPhone,0,bush,Bushwick,view_video_info,title_results,16/11/20 18:15
Aniketh,US (United States),iPhone,0,bla,The Blacklist,play,video_info,20/10/20 1:09
Aniketh,US (United States),iPhone,0,bla,The Blacklist,view_video_info,title_results,20/10/20 1:09
Aniketh,US (United States),iPhone,0,emi,Emily in Paris,view_video_info,title_results,17/10/20 13:08
Aniketh,US (United States),iPhone,0,emi,Emily in Paris,play,video_info,17/10/20 2:33
Aniketh,US (United States),iPhone,0,emi,Emily in Paris,play,video_info,17/10/20 2:31
Aniketh,US (United States),iPhone,0,emi,Emily in Paris,view_video_info,title_results,17/10/20 2:31
Aniketh,US (United States),iPhone,0,away,Time Trap,view_video_info,title_results,29/09/20 0:57
Aniketh,US (United States),iPhone,0,away,Away,view_video_info,title_results,29/09/20 0:57
Aniketh,US (United States),iPhone,0,midnight spe,Midnight Special,view_video_info,title_results,29/09/20 0:57
Aniketh,US (United States),iPhone,0,alive,Away,view_video_info,title_results,29/09/20 0:56
Aniketh,US (United States),iPhone,0,alive,Reality Z,view_video_info,title_results,29/09/20 0:56
Aniketh,US (United States),iPhone,0,alive,#Alive,view_video_info,title_results,29/09/20 0:56
Aniketh,US (United States),iPhone,0,lucifer,Lucifer,play,video_info,15/09/20 13:28
Aniketh,US (United States),iPhone,0,lucifer,Lucifer,view_video_info,title_results,15/09/20 13:27
Aniketh,US (United States),iPhone,0,dy,Dynasty,play,video_info,15/09/20 13:22
Aniketh,US (United States),iPhone,0,dy,Dynasty,view_video_info,title_results,15/09/20 13:22
Aniketh,US (United States),iPhone,0,dyn,Dynasty,play,video_info,14/09/20 15:15
Aniketh,US (United States),iPhone,0,dyn,Dynasty,view_video_info,title_results,14/09/20 15:15
Aniketh,US (United States),iPhone,0,365,365 Days,view_video_info,title_results,16/08/20 3:32
Aniketh,US (United States),iPhone,0,siddi,Raat Akeli Hai,view_video_info,title_results,11/8/20 2:29
Aniketh,US (United States),iPhone,0,siddi,Manto,view_video_info,title_results,11/8/20 2:29
Aniketh,US (United States),iPad,0,telugu,Uma Maheswara Ugra Roopasya,play,video_info,8/8/20 1:27
Aniketh,US (United States),iPad,0,telugu,Uma Maheswara Ugra Roopasya,play,video_info,7/8/20 23:25
Aniketh,US (United States),iPad,0,telugu,Uma Maheswara Ugra Roopasya,view_video_info,title_results,7/8/20 23:25
Aniketh,US (United States),iPad,0,telugu,Evvarikee Cheppoddu,view_video_info,title_results,7/8/20 23:25
Aniketh,US (United States),iPad,0,telugu,World Famous Lover,view_video_info,title_results,7/8/20 23:24
Aniketh,US (United States),iPhone,0,jeff,Jeffrey Epstein: Filthy Rich,view_video_info,title_results,28/07/20 22:38
Aniketh,US (United States),iPhone,0,resu,Resurrection: Ertugrul,view_video_info,title_results,28/07/20 20:09
Aniketh,US (United States),iPad,0,cor,"Coronavirus, Explained",play,video_info,13/07/20 22:34
Aniketh,US (United States),iPad,0,cor,"Coronavirus, Explained",view_video_info,title_results,13/07/20 22:34
Aniketh,US (United States),Streaming Stick,0,tel,Ala Vaikunthapurramuloo,play,video_info,13/07/20 4:25
Aniketh,US (United States),Streaming Stick,0,tel,Ala Vaikunthapurramuloo,view_video_info,suggestion_title_results,13/07/20 4:25
Aniketh,US (United States),Streaming Stick,0,tel,Seven (Telugu),play,video_info,13/07/20 4:25
Aniketh,US (United States),Streaming Stick,0,tel,Seven (Telugu),view_video_info,suggestion_title_results,13/07/20 4:25
Aniketh,US (United States),Streaming Stick,0,tel,Telugu-Language Movies,view_suggestion_info,suggestion_results,13/07/20 4:24
Aniketh,US (United States),iPhone,0,dead,Dead to Me,view_video_info,title_results,3/7/20 15:31
Aniketh,US (United States),iPhone,0,queen,Queen of the South,play,video_info,28/06/20 2:28
Aniketh,US (United States),iPhone,0,queen,Queen of the South,view_video_info,title_results,28/06/20 2:28
Aniketh,US (United States),iPhone,0,krishna and,Krishna and His Leela,view_video_info,title_results,26/06/20 2:17
Aniketh,US (United States),iPhone,0,bulb,Bulbbul,view_video_info,title_results,26/06/20 2:16
Aniketh,US (United States),iPhone,0,bul,Bulbbul,view_video_info,title_results,26/06/20 2:15
Aniketh,US (United States),iPhone,0,out,Outlander,view_video_info,title_results,23/06/20 20:17
Aniketh,US (United States),Streaming Stick,0,hindi,Leila,view_video_info,suggestion_title_results,22/05/20 3:00
Aniketh,US (United States),Streaming Stick,0,hindi,She,play,video_info,22/05/20 3:00
Aniketh,US (United States),Streaming Stick,0,hindi,She,view_video_info,suggestion_title_results,22/05/20 3:00
Aniketh,US (United States),Streaming Stick,0,hindi,Guilty,play,video_info,22/05/20 3:00
Aniketh,US (United States),Streaming Stick,0,hindi,Guilty,view_video_info,suggestion_title_results,22/05/20 3:00
Aniketh,US (United States),iPhone,0,black,The Blacklist,view_video_info,title_results,7/5/20 2:31
Aniketh,US (United States),iPhone,0,design,Designated Survivor,view_video_info,title_results,7/5/20 2:30
Aniketh,US (United States),iPhone,0,how to,How to Get Away With Murder,play,video_info,7/5/20 2:28
Aniketh,US (United States),iPhone,0,how to,How to Get Away With Murder,view_video_info,title_results,7/5/20 2:27
Aniketh,US (United States),iPhone,0,bhism,,play,video_info,25/04/20 2:21
Aniketh,US (United States),iPhone,0,dark,Dark,view_video_info,title_results,20/04/20 3:53
Aniketh,US (United States),iPhone,0,dark,Dark,view_video_info,title_results,14/04/20 1:22
Aniketh,US (United States),iPad,0,fau,Fauda,play,video_info,1/4/20 1:53
Aniketh,US (United States),iPad,0,fau,Fauda,view_video_info,title_results,1/4/20 1:52
Aniketh,US (United States),iPhone,0,hindi movies,Bareilly Ki Barfi,view_video_info,title_results,28/03/20 3:33
Aniketh,US (United States),iPhone,0,hindi movies,Made in China,view_video_info,title_results,28/03/20 3:33
Aniketh,US (United States),iPhone,0,hindi movies,Game Over (Hindi Version),view_video_info,title_results,28/03/20 3:32
Aniketh,US (United States),iPhone,0,zambia,Zumbo's Just Desserts,view_video_info,title_results,26/03/20 1:51
Aniketh,US (United States),iPhone,0,kingdom,Rampant,view_video_info,title_results,25/03/20 5:17
Aniketh,US (United States),iPhone,0,kingdom,Kingdom,view_video_info,title_results,25/03/20 5:15
Aniketh,US (United States),iPhone,0,kingdom,Kingdom,view_video_info,title_results,25/03/20 5:14
Saurabh,UK (United Kingdom),iPad,0,ruhi,The Girl on the Train,play,video_info,8/5/21 2:46
Saurabh,UK (United Kingdom),iPad,0,ruhi,The Girl on the Train,view_video_info,title_results,8/5/21 2:46
Saurabh,UK (United Kingdom),iPad,0,ruhi,Roohi,view_video_info,title_results,8/5/21 2:45
Saurabh,UK (United Kingdom),iPhone,0,the call,The Call,view_video_info,title_results,25/04/21 17:41
Saurabh,UK (United Kingdom),iPad,0,self,Selfless,view_video_info,title_results,16/04/21 20:36
Saurabh,UK (United Kingdom),iPhone,0,stree,Stree,view_video_info,title_results,5/4/21 22:42
Saurabh,UK (United Kingdom),iPhone,0,crazy,"Crazy, Stupid, Love",view_video_info,title_results,30/03/21 21:51
Saurabh,UK (United Kingdom),iPhone,0,i care,I Care a Lot,play,video_info,13/03/21 20:14
Saurabh,UK (United Kingdom),iPhone,0,i care,I Care a Lot,view_video_info,title_results,13/03/21 20:13
Saurabh,UK (United Kingdom),iPhone,0,care,I Care a Lot,play,video_info,4/3/21 9:51
Saurabh,UK (United Kingdom),iPhone,0,care,I Care a Lot,view_video_info,title_results,4/3/21 9:48
Saurabh,UK (United Kingdom),iPhone,0,red,Red,play,video_info,1/3/21 11:44
Saurabh,UK (United Kingdom),iPhone,0,red,Red,view_video_info,title_results,1/3/21 11:44
Saurabh,UK (United Kingdom),iPhone,0,to all the boys,After We Collided,view_video_info,title_results,20/02/21 4:31
Saurabh,UK (United Kingdom),iPhone,0,pit,Pitta Kathalu,view_video_info,title_results,19/02/21 17:22
Saurabh,UK (United Kingdom),iPhone,0,pit,Pitta Kathalu,view_video_info,title_results,19/02/21 7:37
Saurabh,UK (United Kingdom),iPhone,0,to all the boys,To All The Boys: Always And Forever,view_video_info,title_results,12/2/21 6:04
Saurabh,UK (United Kingdom),iPhone,0,,,play,video_info,9/2/21 4:28
Saurabh,UK (United Kingdom),iPhone,0,,Doob: No Bed of Roses,view_video_info,popularSearches,9/2/21 4:25
Saurabh,UK (United Kingdom),HTML 5,0,white tiger,The White Tiger,play,title_results,22/01/21 9:30
Saurabh,UK (United Kingdom),HTML 5,0,spliy,Split,play,title_results,12/1/21 9:56
Saurabh,UK (United Kingdom),HTML 5,0,lupin,Lupin,play,title_results,12/1/21 9:11
Saurabh,UK (United Kingdom),HTML 5,0,spliy,,play,title_results,12/1/21 8:47
Saurabh,UK (United Kingdom),iPhone,0,split,Split,view_video_info,title_results,12/1/21 8:30
Saurabh,UK (United Kingdom),iPhone,0,kanan gill,Best of Stand-Up 2020,play,video_info,7/1/21 9:06
Saurabh,UK (United Kingdom),iPhone,0,kanan gill,Best of Stand-Up 2020,view_video_info,title_results,7/1/21 9:06
Saurabh,UK (United Kingdom),iPhone,0,paava,Paava Kadhaigal,play,video_info,18/12/20 8:30
Saurabh,UK (United Kingdom),iPhone,0,paava,Paava Kadhaigal,play,video_info,18/12/20 8:11
Saurabh,UK (United Kingdom),iPhone,0,paava,Paava Kadhaigal,view_video_info,title_results,18/12/20 8:11
Saurabh,UK (United Kingdom),iPhone,0,paava k,Paava Kadhaigal,view_video_info,title_results,18/12/20 5:55
Saurabh,UK (United Kingdom),iPad,0,per,The Perks of Being a Wallflower,view_video_info,title_results,18/12/20 5:17
Saurabh,UK (United Kingdom),iPhone,0,mirage,Mirage,view_video_info,title_results,18/12/20 4:37
Saurabh,UK (United Kingdom),iPhone,0,perks,The Perks of Being a Wallflower,view_video_info,title_results,17/12/20 2:43
Saurabh,UK (United Kingdom),iPad,0,,#Alive,view_video_info,popularSearches,16/12/20 7:15
Saurabh,UK (United Kingdom),iPad,0,,The Walking Dead,view_video_info,popularSearches,16/12/20 7:15
Saurabh,UK (United Kingdom),iPad,0,life as we,Set It Up,view_video_info,title_results,16/12/20 7:15
Saurabh,UK (United Kingdom),iPad,0,life as we,,play,video_info,16/12/20 7:14
Saurabh,UK (United Kingdom),iPad,0,life as we,How Do You Know,view_video_info,title_results,16/12/20 7:14
Saurabh,UK (United Kingdom),iPad,0,as good,"Definitely, Maybe",view_video_info,title_results,16/12/20 7:11
Saurabh,UK (United Kingdom),iPad,0,10 thi,10 Things I Hate About You,view_suggestion_info,suggestion_results,16/12/20 7:04
Saurabh,UK (United Kingdom),iPad,0,snow,Let It Snow,view_video_info,title_results,16/12/20 7:00
Saurabh,UK (United Kingdom),iPad,0,snow,,play,video_info,16/12/20 6:58
Saurabh,UK (United Kingdom),iPad,0,snow,Knock Knock,view_video_info,title_results,16/12/20 6:57
Saurabh,UK (United Kingdom),iPad,0,snow,,play,video_info,16/12/20 6:56
Saurabh,UK (United Kingdom),iPad,0,snow,Snowpiercer,play,video_info,16/12/20 6:54
Saurabh,UK (United Kingdom),iPad,0,snow,Snowpiercer,view_video_info,title_results,16/12/20 6:54
Saurabh,UK (United Kingdom),iPad,0,i saw the de,,play,video_info,16/12/20 6:52
Saurabh,UK (United Kingdom),iPad,0,i saw the de,Svaha: The Sixth Finger,view_video_info,title_results,16/12/20 6:49
Saurabh,UK (United Kingdom),iPad,0,i saw the de,The Call,view_video_info,title_results,16/12/20 6:48
Saurabh,UK (United Kingdom),iPad,0,just frieds,Valentine's Day,view_video_info,title_results,14/12/20 6:14
Saurabh,UK (United Kingdom),iPhone,0,unabomv,Dr. Seuss' The Grinch,view_video_info,title_results,11/12/20 12:53
Saurabh,UK (United Kingdom),iPhone,0,unabomv,Unabomber - In His Own Words,view_video_info,title_results,11/12/20 12:52
Saurabh,UK (United Kingdom),iPad,0,ryan rey,Selfless,view_video_info,title_results,10/12/20 20:33
Saurabh,UK (United Kingdom),iPad,0,defi,"Definitely, Maybe",view_video_info,title_results,10/12/20 20:33
Saurabh,UK (United Kingdom),iPad,0,dark,Dark,view_video_info,title_results,10/12/20 20:30
Saurabh,UK (United Kingdom),iPad,0,easy,Easy A,view_video_info,title_results,10/12/20 18:49
Saurabh,UK (United Kingdom),iPad,0,casi,Casino Royale,view_video_info,title_results,9/12/20 2:06
Saurabh,UK (United Kingdom),iPad,0,parks and,The Good Place,view_video_info,title_results,9/12/20 2:06
Saurabh,UK (United Kingdom),iPad,0,parks and,Easy A,view_video_info,title_results,9/12/20 2:05
Saurabh,UK (United Kingdom),iPad,0,,The Queen's Gambit,view_video_info,popularSearches,8/12/20 5:11
Saurabh,UK (United Kingdom),iPhone,0,the little ras,If Anything Happens I Love You,view_video_info,title_results,8/12/20 2:49
Saurabh,UK (United Kingdom),HTML 5,0,eno,Enola Holmes,play,title_results,28/11/20 4:50
Saurabh,UK (United Kingdom),iPhone,0,stranger rhin,Stranger Things,view_video_info,title_results,28/11/20 2:46
Saurabh,UK (United Kingdom),iPhone,0,enola,Enola Holmes,view_video_info,title_results,28/11/20 2:45
Saurabh,UK (United Kingdom),iPhone,0,mis,Mismatched,play,video_info,21/11/20 8:16
Saurabh,UK (United Kingdom),iPhone,0,mis,Mismatched,view_video_info,title_results,21/11/20 8:15
Saurabh,UK (United Kingdom),Streaming Stick,0,blue,Blue Is the Warmest Color,view_suggestion_info,suggestion_results,16/11/20 4:07
Saurabh,UK (United Kingdom),iPhone,0,feiends,Friends,play,video_info,8/11/20 3:13
Saurabh,UK (United Kingdom),iPhone,0,feiends,Friends,view_video_info,title_results,8/11/20 3:07
Saurabh,UK (United Kingdom),HTML 5,0,david lettermen,,play,title_results,4/11/20 4:29
Saurabh,UK (United Kingdom),iPhone,0,david,My Next Guest Needs No Introduction With David Letterman,play,video_info,4/11/20 4:27
Saurabh,UK (United Kingdom),iPhone,0,david,My Next Guest Needs No Introduction With David Letterman,view_video_info,suggestion_title_results,4/11/20 4:26
Saurabh,UK (United Kingdom),iPhone,0,david,David Letterman Collection,view_suggestion_info,suggestion_results,4/11/20 4:26
Saurabh,UK (United Kingdom),iPhone,0,david,My Next Guest with David Letterman and Shah Rukh Khan,view_video_info,title_results,4/11/20 4:26
Saurabh,UK (United Kingdom),Streaming Stick,0,dre,Dream House,play,video_info,20/06/20 7:51
Saurabh,UK (United Kingdom),Streaming Stick,0,dre,Dream House,view_video_info,suggestion_title_results,20/06/20 7:51
Veni,US (United States),Streaming Stick,1,chi,The Croods,play,video_info,28/08/20 1:57
Veni,US (United States),Streaming Stick,1,chi,The Croods,view_video_info,title_results,28/08/20 1:57
Veni,US (United States),Streaming Stick,1,chi,Chip and Potato,play,video_info,28/08/20 1:10
Veni,US (United States),Streaming Stick,1,chi,Chip and Potato,view_video_info,title_results,28/08/20 1:10
Veni,AUS (Australia),Streaming Stick,1,lam,Llama Llama,play,video_info,6/8/20 2:36
Veni,AUS (Australia),Streaming Stick,1,lam,Llama Llama,view_video_info,title_results,6/8/20 2:36
Veni,AUS (Australia),Streaming Stick,1,p,PJ Masks,play,video_info,6/6/20 0:56
Veni,AUS (Australia),Streaming Stick,1,p,PJ Masks,view_video_info,suggestion_title_results,6/6/20 0:56
Veni,IN (India),Streaming Stick,1,ma,Masha and the Bear,play,video_info,3/6/20 1:22
Veni,IN (India),Streaming Stick,1,ma,Masha and the Bear,view_video_info,suggestion_title_results,3/6/20 1:22